year,yday,prcp (mm/day),tmax (deg c),tmin (deg c)
2018,3,0,25.25,10.97
2018,4,0,25.54,9.26
2018,5,0,24.48,10.55
2018,6,0,22.76,12.48
2018,7,0,24.65,9.6
2018,8,16.89,19.29,14.57
2018,9,24.8,16.19,10.76
2018,10,0,17.55,8.17
2018,11,0,22.88,7.23
2018,12,0,25.36,9.44
2018,13,0,28.92,11.56
2018,14,0,28.72,11.95
2018,15,0,25.01,9.4
2018,16,0,22.71,9.88
2018,17,0,27.52,9.92
2018,18,0,26.85,10.03
2018,19,1.42,19.01,9.52
2018,20,0,17.02,6.1
2018,21,0,18.04,2.75
2018,22,0,21.37,3.95
2018,23,0,25.01,5.9
2018,24,0,25.25,6.18
2018,25,0,17.38,4.54
2018,26,0,21.32,5.08
2018,27,0,23.94,5.44
2018,28,0,29.42,16.19
2018,29,0,30.43,14.56
2018,30,0,28.07,12.35
2018,31,0,28.23,10.48
2018,32,0,28.64,10.46
2018,33,0,30.57,11.31
2018,34,0,29.74,10.92
2018,35,0,30.37,10.72
2018,36,0,27.54,10.56
2018,37,0,27.19,9.49
2018,38,0,29.47,10.53
2018,39,0,30.63,10.54
2018,40,0,27.15,9.55
2018,41,0,18.8,10.51
2018,42,0,23.95,8.24
2018,43,1.19,18.21,9.86
2018,44,0,19.97,6.51
2018,45,0,20.8,10.17
2018,46,0,23.88,9.85
2018,47,0,25.49,9.17
2018,48,0,25.46,7.28
2018,49,0,21.31,7.4
2018,50,0,15.3,5.35
2018,51,0,16.17,0.36
2018,52,0,15.54,4.01
2018,53,0,16.44,3.34
2018,54,0,15.87,5.02
2018,55,0,17.7,1.55
2018,56,0,21.52,2.41
2018,57,9.91,20.25,4.27
2018,58,9.65,13.59,5
2018,59,0,17.02,2.62
2018,60,0,17.9,5.37
2018,61,2.11,15.98,7.88
2018,62,2.17,16.11,8.6
2018,63,0,17.9,4.8
2018,64,0,23.47,5.39
2018,65,0,27.1,8.39
2018,66,0,23.5,8.69
2018,67,0,25.17,9.34
2018,68,0,23.33,9.58
2018,69,14.02,16.66,12.41
2018,70,0,21.62,13.09
2018,71,0,24.53,12.69
2018,72,1.39,22.91,13.32
2018,73,5.27,18.5,11.81
2018,74,0,18.31,9.86
2018,75,2.63,17.11,7.63
2018,76,0.5,17.09,8.4
2018,77,0,18.55,6.01
2018,78,0,24.52,7.29
2018,79,0,25.02,10.45
2018,80,0,21.95,11.19
2018,81,8.58,18.81,13.67
2018,82,0,21.74,11.87
2018,83,0,19.29,10.34
2018,84,0,18.53,8.32
2018,85,0,21.47,6.53
2018,86,0,24.91,7.2
2018,87,0,26.71,8.44
2018,88,0,27.96,10.05
2018,89,0,31,11.18
2018,90,0,28.13,11.55
2018,91,0,24.4,11.55
2018,92,0,20.74,12.08
2018,93,0,24.67,12.84
2018,94,0,24.1,10.67
2018,95,0,23.94,11.64
2018,96,0,24.05,11.48
2018,97,0,25.56,13.08
2018,98,0,27.45,14.28
2018,99,0,36.49,12.7
2018,100,0,34.83,14.85
2018,101,0,29.57,12.94
2018,102,0,23.5,11.31
2018,103,0,28.52,9.81
2018,104,0,31.5,11.19
2018,105,0,28.5,10.91
2018,106,0,20.88,9.54
2018,107,0,24.43,6.34
2018,108,0,25.39,8.51
2018,109,0,18.2,9.07
2018,110,0,26.61,8.02
2018,111,0,32.53,9.96
2018,112,0,31.61,13.08
2018,113,0,30.12,12.42
2018,114,0,28.45,11.14
2018,115,0,27.36,10.89
2018,116,0,26.42,11.08
2018,117,0,24.79,11.71
2018,118,0,24.09,10.43
2018,119,0,22.34,12.14
2018,120,0,19.77,13.18
2018,121,2.34,14.79,11.45
2018,122,0,17.75,10.47
2018,123,0,26.39,10.17
2018,124,0,34.64,12.27
2018,125,0,36.04,14.94
2018,126,0,33.34,14.85
2018,127,0,30.75,12.58
2018,128,0,29.95,13.5
2018,129,0,30.49,13.35
2018,130,0,28.43,13.88
2018,131,0,19.91,14.29
2018,132,0,19.35,12.98
2018,133,0,22.52,13.18
2018,134,0,24.28,11.09
2018,135,0,24.89,11.26
2018,136,0,26.21,10.92
2018,137,0,24.71,11.47
2018,138,0,23.62,14.18
2018,139,0,22.52,14.06
2018,140,0,22.57,15.42
2018,141,0,19.74,14.48
2018,142,0,21.79,13.44
2018,143,0,23.49,13.56
2018,144,0,22.06,14.55
2018,145,0,23.18,13.43
2018,146,0,21.31,12.52
2018,147,0,26.15,12.29
2018,148,0,29.43,12.5
2018,149,0,28.71,14.42
2018,150,0,24.3,15.53
2018,151,0,25.03,14.29
2018,152,0,28.23,12.23
2018,153,0,31.09,13.97
2018,154,0,33.24,14.35
2018,155,0,31.19,14.19
2018,156,0,26.83,15.72
2018,157,0,28.21,15.64
2018,158,0,29.57,13.88
2018,159,0,33.35,13.79
2018,160,0,31.53,15.57
2018,161,0,31.62,15.72
2018,162,0,33.28,16.09
2018,163,0,34.08,16.64
2018,164,0,34.61,16.27
2018,165,0,35.81,15.68
2018,166,0,33.07,16.39
2018,167,0,25.26,15.98
2018,168,0,23.65,15.71
2018,169,0,26.73,14.45
2018,170,0,29.81,13.3
2018,171,0,32.01,14.6
2018,172,0,32.18,15.06
2018,173,0,33.92,16.42
2018,174,0,28.23,15.82
2018,175,0,29.65,15.39
2018,176,0,31.63,14.25
2018,177,0,32.94,14.3
2018,178,0,32.22,15.34
2018,179,0,31.12,15.21
2018,180,0,29.04,15.3
2018,181,0,29.63,16.14
2018,182,0,31.07,15.43
2018,183,0,31.03,16.23
2018,184,0,30.06,16.79
2018,185,0,33.7,15.07
2018,186,0,38.4,15.91
2018,187,0,47.32,21.64
2018,188,0,44.53,25.26
2018,189,0,40.39,23.34
2018,190,0,38.63,23.04
2018,191,0,36.2,23.18
2018,192,0,36.87,21.29
2018,193,0,36.21,21.57
2018,194,0,36.32,20.58
2018,195,0,36.08,20.23
2018,196,0,35.56,20.4
2018,197,0,35.26,19.44
2018,198,0,34.8,19.36
2018,199,0,34.27,20.28
2018,200,0,35.26,20.25
2018,201,0,32.37,20.53
2018,202,0,34.67,19.49
2018,203,0,36.87,19.7
2018,204,0,39.48,21.1
2018,205,0,40.06,22.79
2018,206,0,39.49,22.26
2018,207,0,36.59,21.36
2018,208,0,37.73,19.6
2018,209,0,34.93,19.7
2018,210,0,38.76,20.13
2018,211,0,36.97,22.65
2018,212,0,38.04,21.72
2018,213,0,37.91,22.2
2018,214,0,36.21,22.32
2018,215,0,37.07,21.27
2018,216,0,36.3,19.99
2018,217,0,36.92,19.35
2018,218,0,40.08,20.22
2018,219,0,39.41,22.07
2018,220,0,36.86,20.71
2018,221,0,39.8,20.71
2018,222,0,35.73,22.74
2018,223,0,34.81,20.95
2018,224,0,34.46,21.49
2018,225,0,33.47,19.53
2018,226,0,33.09,18.88
2018,227,0,33.59,19.25
2018,228,0,33.87,20.5
2018,229,0,34.72,20.89
2018,230,0,34.18,20.48
2018,231,0,34.68,19.89
2018,232,0,33.29,19.99
2018,233,0,32.99,19.56
2018,234,0,33.8,19.59
2018,235,0,33.21,18.75
2018,236,0,31.88,17.73
2018,237,0,31.6,17.79
2018,238,0,31.82,17.94
2018,239,0,31.2,17.05
2018,240,0,31.41,16.72
2018,241,0,33.96,17.41
2018,242,0,35.17,16.42
2018,243,0,33.38,15.96
2018,244,0,29.99,16.86
2018,245,0,28.83,18.15
2018,246,0,30.55,19.44
2018,247,0,30.71,18.8
2018,248,0,31.47,17.78
2018,249,0,31.54,16.67
2018,250,0,35.15,17.01
2018,251,0,37.94,19.11
2018,252,0,37.83,18.39
2018,253,0,34.26,16.8
2018,254,0,31.49,16.52
2018,255,0,31.7,16.78
2018,256,0,34.82,15.87
2018,257,0,37.06,16.71
2018,258,0,34.59,16.64
2018,259,0,33.84,16.42
2018,260,0,34.2,15.45
2018,261,0,32.83,14.22
2018,262,0,31.82,13.4
2018,263,0,31.93,15.55
2018,264,0,32.27,16
2018,265,0,36.02,17.34
2018,266,0,31.77,17.33
2018,267,0,28.11,15.7
2018,268,0,27.89,16.43
2018,269,0,33.38,15.59
2018,270,0,36.86,17.54
2018,271,0,32.01,16.71
2018,272,0,31.64,16.66
2018,273,0,33.91,15.83
2018,274,0,34.31,18.23
2018,275,0,30.22,19.72
2018,276,0,26.71,18.34
2018,277,0,26.54,17.27
2018,278,0,27.45,16.93
2018,279,0,23.98,15.42
2018,280,0,26.47,14.7
2018,281,0,26.97,15.06
2018,282,0,26.45,14.19
2018,283,0,25.1,14.77
2018,284,0,25.31,14.84
2018,285,15.13,31.35,13.02
2018,286,2.85,19.08,16.26
2018,287,0,24.08,15.46
2018,288,0,25.56,14.38
2018,289,0,28.75,11.48
2018,290,0,29.48,11.77
2018,291,0,31.79,12.52
2018,292,0,32.43,14.37
2018,293,0,32.97,14.2
2018,294,0,29.38,13.81
2018,295,0,27.2,13.51
2018,296,0,28.25,14.16
2018,297,0,28.73,13.63
2018,298,0,29.42,13.83
2018,299,0,33.57,14.67
2018,300,0,33.34,14.9
2018,301,0,30.91,14.1
2018,302,0,28.21,12.51
2018,303,0,26.38,13.46
2018,304,0,28.65,13.16
2018,305,0,30.65,13.2
2018,306,0,33.01,14.34
2018,307,0,32.59,13.79
2018,308,0,30.9,13.62
2018,309,0,27.44,11.45
2018,310,0,25.24,13.74
2018,311,0,23.24,13.25
2018,312,0,27.27,13.13
2018,313,0,27.29,10.98
2018,314,0,26.33,7.88
2018,315,0,25.68,7.51
2018,316,0,25.31,10.17
2018,317,0,25.23,10.99
2018,318,0,27.31,11.83
2018,319,0,27.69,9.8
2018,320,0,26.03,9.93
2018,321,0,23.76,8.47
2018,322,0,25.84,9.39
2018,323,0,24.92,9.88
2018,324,0,23.52,8.49
2018,325,6.47,22.61,8.17
2018,326,0,19.72,11.94
2018,327,0,19.38,10.19
2018,328,0,20.86,9.84
2018,329,0,25.17,9.33
2018,330,0,25.95,11.02
2018,331,0,25.16,9.7
2018,332,5.72,20.88,7.91
2018,333,20.28,16.59,10.91
2018,334,0,18.6,10.51
2018,335,0,18.12,7.79
2018,336,0,17.99,6.14
2018,337,0,20.55,6.62
2018,338,0,21.63,7.71
2018,339,7.77,13.76,6.7
2018,340,29.07,13.37,10.46
2018,341,0,20.71,8.99
2018,342,0,22.53,7.29
2018,343,0,22.83,8.54
2018,344,0,19.72,10.28
2018,345,0,21.52,9.25
2018,346,0,19.52,6.97
2018,347,0,25.36,7.29
2018,348,0,20.25,9.29
2018,349,0,24.39,8.09
2018,350,0,23.4,6.76
2018,351,0,19.52,10.11
2018,352,0,20.22,9.89
2018,353,0,24.61,8.53
2018,354,0,26.75,9.31
2018,355,0,22.03,9.88
